timestamp,match_ref,match_date,adversario,competicao,resultado,analyst,polarity,tc_start,tc_end,duration_sec,half,minute,score_at_moment,possession,phase,categories,qualifiers,zone,priority,players_involved_nums,players_involved_names,players_involved,trainer_ref,video_file,external_id,description,video_snap_time,video_clip_start,video_clip_end,exported_at
2024-11-15T14:18:15,HUN2-POR,2029-09-09,Hungria,WorldCupQualifiers,2-3,Grupo A,bom,10:18,10:26,8,1,10,0-0,Portugal,Organização Defensiva,Erro Coletivo;Bloco Defensivo;Pressão Alta,Coletivo;Comunicação,Terço Defensivo Dir.,Média,4;19;2;1,Nélson Semedo;Nélson Semedo;João Cancelo;Diogo Costa,4-Nélson Semedo;19-Nélson Semedo;2-João Cancelo;1-Diogo Costa,T-A,hun_por_p1.mp4,HUN-POR-012,Circulação fluida no terço ofensivo,628.0,613.0,626.0,2024-11-15T17:30:00
2024-11-15T14:08:16,HUN-POR,2029-09-09,Hungria,WorldCupQualifiers,2-3,Grupo A,mau,11:50,12:05,15,1,12,0-0,Disputa,Bola Parada Ofensiva,Esquema Tático;Criação de Ocasião,Reação lenta;Perda de referência,Área Adversária,Alta,9,Gonçalo Ramos,9-Gonçalo Ramos,T-A,hun_por_p1.mp4,HUN-POR-006,Má decisão no último terço,715.0,707.0,725.0,2024-11-15T17:30:00
2024-11-15T14:23:09,HUN-POR,2029-09-09,Hungria,WorldCupQualifiers,2-3,Grupo A,mau,11:47,11:55,8,1,12,0-0,Portugal,Organização Ofensiva,Progressão;1×1 Ofensivo,Falta de intensidade,Terço Ofensivo Dir.,Alta,11;20;2,Rafael Leão;João Félix;João Cancelo,11-Rafael Leão;20-João Félix;2-João Cancelo,T-A,hun_por_p1.mp4,HUN-POR-015,Desorganização após perda de bola,718.0,703.0,715.0,2024-11-15T17:30:00
2024-11-15T14:26:24,HUN-POR,2029-09-09,Hungria,WorldCupQualifiers,2-3,Grupo A,mau,13:01,13:13,12,1,13,0-0,Disputa,Organização Ofensiva,1×1 Ofensivo,Reação lenta;Posicionamento errado,Área Adversária,Baixa,3;17,Rúben Dias;Pedro Neto,3-Rúben Dias;17-Pedro Neto,T-A,hun_por_p1.mp4,HUN-POR-017,Desorganização após perda de bola,789.0,777.0,793.0,2024-11-15T17:30:00
2024-11-15T14:36:44,HUN-POR,2029-09-09,Hungria,WorldCupQualifiers,2-3,Grupo A,mau,12:48,13:00,12,1,13,0-0,Adversário,Organização Ofensiva,Criação de Ocasião;Progressão,Reação lenta;Falta de comunicação,Terço Ofensivo Esq.,Alta,20;2,João Félix;João Cancelo,20-João Félix;2-João Cancelo,T-A,hun_por_p1.mp4,HUN-POR-023,Falta de compactidade,781.0,762.0,780.0,2024-11-15T17:30:00
2024-11-15T14:04:44,HUN-POR,2029-09-09,Hungria,WorldCupQualifiers,2-3,Grupo A,bom,15:00,15:15,15,1,15,0-0,Portugal,Transição Ofensiva,Progressão;Criação de Ocasião;Transição Rápida,Coletivo;Comunicação,Terço Ofensivo Dir.,Média,10;17;7,Bernardo Silva;Pedro Neto;Cristiano Ronaldo,10-Bernardo Silva;17-Pedro Neto;7-Cristiano Ronaldo,T-A,hun_por_p1.mp4,HUN-POR-004,Transição rápida aproveitada,904.0,896.0,915.0,2024-11-15T17:30:00
2024-11-15T14:45:03,HUN-POR,2029-09-09,Hungria,WorldCupQualifiers,2-3,Grupo A,bom,17:11,17:23,12,1,17,0-0,Adversário,Transição Ofensiva,Progressão;Transição Rápida,Determinação;Qualidade técnica,Terço Ofensivo Centro,Baixa,9,Gonçalo Ramos,9-Gonçalo Ramos,T-A,hun_por_p1.mp4,HUN-POR-028,Transição rápida aproveitada,1046.0,1025.0,1043.0,2024-11-15T17:30:00
2024-11-15T14:11:41,HUN-POR,2029-09-09,Hungria,WorldCupQualifiers,2-3,Grupo A,mau,17:55,18:07,12,1,18,0-0,Portugal,Transição Defensiva,Saída a Pressionar;Recuperação de Bola,Transição lenta,Terço Médio Centro,Média,20;2,João Félix;João Cancelo,20-João Félix;2-João Cancelo,T-A,hun_por_p1.mp4,HUN-POR-008,Falta de compactidade,1077.0,1072.0,1087.0,2024-11-15T17:30:00
2024-11-15T14:29:58,HUN-POR,2029-09-09,Hungria,WorldCupQualifiers,2-3,Grupo A,bom,19:00,19:15,15,1,19,0-0,Adversário,Bola Parada Defensiva,Esquema Tático,Comunicação;Alta intensidade;Posicionamento,Terço Defensivo Esq.,Média,7;6,Cristiano Ronaldo;João Palhinha,7-Cristiano Ronaldo;6-João Palhinha,T-A,hun_por_p1.mp4,HUN-POR-019,Boa leitura do espaço,1140.0,1135.0,1155.0,2024-11-15T17:30:00
2024-11-15T14:40:09,HUN-POR,2029-09-09,Hungria,WorldCupQualifiers,2-3,Grupo A,mau,19:07,19:19,12,1,19,0-0,Portugal,Bola Parada Ofensiva,Criação de Ocasião,Posicionamento errado,Área Adversária,Alta,1;10;14,Diogo Costa;Bernardo Silva;Francisco Conceição,1-Diogo Costa;10-Bernardo Silva;14-Francisco Conceição,T-A,hun_por_p1.mp4,HUN-POR-025,Falha no pressing coletivo,1155.0,1141.0,1159.0,2024-11-15T17:30:00
2024-11-15T14:33:24,HUN-POR,2029-09-09,Hungria,WorldCupQualifiers,2-3,Grupo A,mau,19:52,20:12,20,1,20,0-0,Portugal,Organização Ofensiva,Criação de Ocasião,Falta de pressing;Individualismo;Má decisão,Terço Ofensivo Esq.,Alta,15;20,João Neves;João Félix,15-João Neves;20-João Félix,T-A,hun_por_p1.mp4,HUN-POR-021,Erro técnico em zona perigosa,1206.0,1189.0,1212.0,2024-11-15T17:30:00
2024-11-15T14:13:12,HUN-POR,2029-09-09,Hungria,WorldCupQualifiers,2-3,Grupo A,mau,21:10,21:35,25,1,21,0-0,Portugal,Organização Ofensiva,Combinação Interior;Progressão,Transição lenta;Desorganizado,Terço Ofensivo Centro,Média,8;3,Bruno Fernandes;Rúben Dias,8-Bruno Fernandes;3-Rúben Dias,T-A,hun_por_p1.mp4,HUN-POR-009,Erro técnico em zona perigosa,1273.0,1267.0,1295.0,2024-11-15T17:30:00
2024-11-15T14:31:30,HUN-POR,2029-09-09,Hungria,WorldCupQualifiers,2-3,Grupo A,bom,21:10,21:30,20,1,21,0-0,Adversário,Transição Ofensiva,Progressão,Criatividade;Com liderança,Terço Ofensivo Dir.,Baixa,17;7,Pedro Neto;Cristiano Ronaldo,17-Pedro Neto;7-Cristiano Ronaldo,T-A,hun_por_p1.mp4,HUN-POR-020,Pressing bem coordenado,1279.0,1266.0,1290.0,2024-11-15T17:30:00
2024-11-15T14:41:32,HUN-POR,2029-09-09,Hungria,WorldCupQualifiers,2-3,Grupo A,bom,20:41,21:11,30,1,21,0-0,Adversário,Organização Ofensiva,Progressão;Criação de Ocasião,Com liderança;Posicionamento,Terço Ofensivo Esq.,Baixa,2;21,João Cancelo;Rúben Neves,2-João Cancelo;21-Rúben Neves,T-A,hun_por_p1.mp4,HUN-POR-026,Boa leitura do espaço,1249.0,1236.0,1271.0,2024-11-15T17:30:00
2024-11-15T14:01:42,HUN-POR,2029-09-09,Hungria,WorldCupQualifiers,2-3,Grupo A,mau,23:45,24:00,15,1,24,0-0,Adversário,Organização Ofensiva,Criação de Ocasião;Combinação Interior,Falta de pressing;Individualismo,Área Adversária,Alta,7;2,Cristiano Ronaldo;João Cancelo,7-Cristiano Ronaldo;2-João Cancelo,T-A,hun_por_p1.mp4,HUN-POR-002,Má decisão no último terço,1436.0,1421.0,1440.0,2024-11-15T17:30:00
2024-11-15T14:28:36,HUN-POR,2029-09-09,Hungria,WorldCupQualifiers,2-3,Grupo A,bom,24:12,24:24,12,1,24,0-0,Portugal,Bola Parada Defensiva,Erro Coletivo,Qualidade técnica,Terço Defensivo Centro,Baixa,5;6;8,Nuno Mendes;João Palhinha;Bruno Fernandes,5-Nuno Mendes;6-João Palhinha;8-Bruno Fernandes,T-A,hun_por_p1.mp4,HUN-POR-018,Finalização de qualidade,1458.0,1447.0,1464.0,2024-11-15T17:30:00
2024-11-15T14:21:29,HUN-POR,2029-09-09,Hungria,WorldCupQualifiers,2-3,Grupo A,bom,25:46,26:06,20,1,26,0-0,Portugal,Bola Parada Ofensiva,Criação de Ocasião;Esquema Tático,Timing perfeito;Qualidade técnica,Terço Ofensivo Centro,Média,10;17;7;1,Bernardo Silva;Pedro Neto;Cristiano Ronaldo;Diogo Costa,10-Bernardo Silva;17-Pedro Neto;7-Cristiano Ronaldo;1-Diogo Costa,T-A,hun_por_p1.mp4,HUN-POR-014,Excelente combinação entre linhas,1548.0,1540.0,1566.0,2024-11-15T17:30:00
2024-11-15T14:38:26,HUN-POR,2029-09-09,Hungria,WorldCupQualifiers,2-3,Grupo A,mau,26:59,27:19,20,1,27,0-0,Portugal,Organização Defensiva,Erro Coletivo;Bloco Defensivo,Falta de intensidade;Individualismo,Terço Defensivo Dir.,Alta,21,Rúben Neves,21-Rúben Neves,T-A,hun_por_p1.mp4,HUN-POR-024,Falha no pressing coletivo,1629.0,1613.0,1639.0,2024-11-15T17:30:00
2024-11-15T14:20:19,HUN-POR,2029-09-09,Hungria,WorldCupQualifiers,2-3,Grupo A,bom,27:44,27:52,8,1,28,0-0,Disputa,Transição Defensiva,Recuperação de Bola;Saída a Pressionar;Perda de Bola,Criatividade,Terço Médio Centro,Baixa,5;6;14,Nuno Mendes;João Palhinha;Francisco Conceição,5-Nuno Mendes;6-João Palhinha;14-Francisco Conceição,T-A,hun_por_p1.mp4,HUN-POR-013,Pressing bem coordenado,1675.0,1659.0,1672.0,2024-11-15T17:30:00
2024-11-15T14:43:24,HUN-POR,2029-09-09,Hungria,WorldCupQualifiers,2-3,Grupo A,bom,27:59,28:14,15,1,28,0-0,Portugal,Organização Defensiva,Bloco Defensivo;Erro Coletivo,Timing perfeito,Terço Defensivo Dir.,Baixa,1,Diogo Costa,1-Diogo Costa,T-A,hun_por_p1.mp4,HUN-POR-027,Circulação fluida no terço ofensivo,1682.0,1676.0,1694.0,2024-11-15T17:30:00
2024-11-15T13:59:53,HUN-POR,2029-09-09,Hungria,WorldCupQualifiers,2-3,Grupo A,bom,28:42,28:50,8,1,29,0-0,Portugal,Transição Defensiva,Saída a Pressionar;Recuperação de Bola,Determinação;Qualidade técnica,Terço Médio Centro,Média,21;2;6,Rúben Neves;João Cancelo;João Palhinha,21-Rúben Neves;2-João Cancelo;6-João Palhinha,T-A,hun_por_p1.mp4,HUN-POR-001,Boa leitura do espaço,1730.0,1719.0,1730.0,2024-11-15T17:30:00
2024-11-15T14:03:10,HUN-POR,2029-09-09,Hungria,WorldCupQualifiers,2-3,Grupo A,mau,29:20,29:45,25,1,29,0-0,Portugal,Organização Ofensiva,Combinação Interior,Falta de equilíbrio;Transição lenta,Terço Ofensivo Centro,Alta,17;10;3,Pedro Neto;Bernardo Silva;Rúben Dias,17-Pedro Neto;10-Bernardo Silva;3-Rúben Dias,T-A,hun_por_p1.mp4,HUN-POR-003,Erro técnico em zona perigosa,1765.0,1756.0,1785.0,2024-11-15T17:30:00
2024-11-15T14:25:01,HUN-POR,2029-09-09,Hungria,WorldCupQualifiers,2-3,Grupo A,mau,29:41,29:53,12,1,30,0-0,Adversário,Organização Defensiva,Erro Coletivo,Má decisão;Falta de intensidade;Erro técnico,Terço Defensivo Centro,Média,4;16;21;6,Nélson Semedo;Vitinha;Rúben Neves;João Palhinha,4-Nélson Semedo;16-Vitinha;21-Rúben Neves;6-João Palhinha,T-A,hun_por_p1.mp4,HUN-POR-016,Desorganização após perda de bola,1793.0,1778.0,1793.0,2024-11-15T17:30:00
2024-11-15T14:35:12,HUN-POR,2029-09-09,Hungria,WorldCupQualifiers,2-3,Grupo A,bom,33:08,33:28,20,1,33,0-0,Portugal,Bola Parada Ofensiva,Criação de Ocasião;Esquema Tático,Pressing eficaz;Determinação,Área Adversária,Média,5;21;7,Nuno Mendes;Rúben Neves;Cristiano Ronaldo,5-Nuno Mendes;21-Rúben Neves;7-Cristiano Ronaldo,T-A,hun_por_p1.mp4,HUN-POR-022,Pressing bem coordenado,1996.0,1982.0,2008.0,2024-11-15T17:30:00
2024-11-15T14:14:55,HUN-POR,2029-09-09,Hungria,WorldCupQualifiers,2-3,Grupo A,bom,33:51,34:03,12,1,34,0-0,Adversário,Organização Ofensiva,Criação de Ocasião,Qualidade técnica,Terço Ofensivo Esq.,Baixa,3;17,Rúben Dias;Pedro Neto,3-Rúben Dias;17-Pedro Neto,T-A,hun_por_p1.mp4,HUN-POR-010,Excelente combinação entre linhas,2038.0,2027.0,2043.0,2024-11-15T17:30:00
2024-11-15T14:09:44,HUN-POR,2029-09-09,Hungria,WorldCupQualifiers,2-3,Grupo A,bom,34:45,35:05,20,1,35,0-0,Disputa,Transição Ofensiva,Transição Rápida;Progressão,Qualidade técnica;Alta intensidade,Terço Médio Centro,Média,10,Bernardo Silva,10-Bernardo Silva,T-A,hun_por_p1.mp4,HUN-POR-007,Circulação fluida no terço ofensivo,2098.0,2081.0,2105.0,2024-11-15T17:30:00
2024-11-15T14:16:49,HUN-POR,2029-09-09,Hungria,WorldCupQualifiers,2-3,Grupo A,bom,38:56,39:26,30,1,39,0-0,Portugal,Transição Ofensiva,Progressão;Criação de Ocasião,Timing perfeito,Terço Ofensivo Centro,Média,9,Gonçalo Ramos,9-Gonçalo Ramos,T-A,hun_por_p1.mp4,HUN-POR-011,Excelente combinação entre linhas,2337.0,2331.0,2366.0,2024-11-15T17:30:00
2024-11-15T14:06:23,HUN-POR,2029-09-09,Hungria,WorldCupQualifiers,2-3,Grupo A,mau,41:11,41:19,8,1,41,0-0,Adversário,Transição Ofensiva,Transição Rápida,Individualismo;Perda de referência,Terço Ofensivo Dir.,Alta,17;16,Pedro Neto;Vitinha,17-Pedro Neto;16-Vitinha,T-A,hun_por_p1.mp4,HUN-POR-005,Falha no pressing coletivo,2485.0,2466.0,2479.0,2024-11-15T17:30:00
2024-11-15T17:28:03,IRL-POR,2025-10-13,República da Irlanda,WorldCupQualifiers,2-0,Grupo D,mau,06:06,06:21,15,1,6,0-0,Adversário,Transição Defensiva,Perda de Bola;Recuperação de Bola,Desorganizado,Terço Defensivo Centro,Média,9;4;21,Gonçalo Ramos;Nélson Semedo;Rúben Neves,9-Gonçalo Ramos;4-Nélson Semedo;21-Rúben Neves,T-D,irl_por_p1.mp4,IRL-POR-018,Perda de referência na transição defensiva,368.0,363.0,381.0,2024-11-15T17:30:00
2024-11-15T17:06:51,IRL-POR,2025-10-13,República da Irlanda,WorldCupQualifiers,2-0,Grupo D,bom,10:52,11:12,20,1,11,0-0,Disputa,Organização Ofensiva,Combinação Interior;Progressão,Coletivo,Terço Ofensivo Dir.,Média,3;10;20;14,Rúben Dias;Bernardo Silva;João Félix;Francisco Conceição,3-Rúben Dias;10-Bernardo Silva;20-João Félix;14-Francisco Conceição,T-D,irl_por_p1.mp4,IRL-POR-005,Pressing bem coordenado,658.0,647.0,672.0,2024-11-15T17:30:00
2024-11-15T17:14:51,IRL-POR,2025-10-13,República da Irlanda,WorldCupQualifiers,2-0,Grupo D,mau,12:04,12:19,15,1,12,0-0,Portugal,Transição Defensiva,Saída a Pressionar;Perda de Bola,Transição lenta;Falta de equilíbrio,Terço Médio Centro,Média,19;6;21,Nélson Semedo;João Palhinha;Rúben Neves,19-Nélson Semedo;6-João Palhinha;21-Rúben Neves,T-D,irl_por_p1.mp4,IRL-POR-010,Erro técnico em zona perigosa,732.0,718.0,739.0,2024-11-15T17:30:00
2024-11-15T17:00:00,IRL-POR,2025-10-13,República da Irlanda,WorldCupQualifiers,2-0,Grupo D,mau,14:16,14:24,8,1,14,0-0,Adversário,Organização Ofensiva,Combinação Interior,Reação lenta,Terço Ofensivo Esq.,Média,14;17;20;3,Francisco Conceição;Pedro Neto;João Félix;Rúben Dias,14-Francisco Conceição;17-Pedro Neto;20-João Félix;3-Rúben Dias,T-D,irl_por_p1.mp4,IRL-POR-001,Falta de compactidade,860.0,850.0,864.0,2024-11-15T17:30:00
2024-11-15T17:11:56,IRL-POR,2025-10-13,República da Irlanda,WorldCupQualifiers,2-0,Grupo D,mau,18:12,18:27,15,1,18,0-0,Portugal,Organização Defensiva,Pressão Alta;Erro Coletivo,Individualismo;Perda de referência,Terço Defensivo Centro,Alta,8;14;5;7,Bruno Fernandes;Francisco Conceição;Nuno Mendes;Cristiano Ronaldo,8-Bruno Fernandes;14-Francisco Conceição;5-Nuno Mendes;7-Cristiano Ronaldo,T-D,irl_por_p1.mp4,IRL-POR-008,Erro técnico em zona perigosa,1092.0,1086.0,1107.0,2024-11-15T17:30:00
2024-11-15T17:38:18,IRL-POR,2025-10-13,República da Irlanda,WorldCupQualifiers,2-0,Grupo D,mau,17:55,18:10,15,1,18,0-0,Portugal,Organização Ofensiva,Combinação Interior;Progressão,Reação lenta,Terço Ofensivo Centro,Baixa,4;3;17,Nélson Semedo;Rúben Dias;Pedro Neto,4-Nélson Semedo;3-Rúben Dias;17-Pedro Neto,T-D,irl_por_p1.mp4,IRL-POR-024,Falha no pressing coletivo,1078.0,1069.0,1090.0,2024-11-15T17:30:00
2024-11-15T17:41:51,IRL-POR,2025-10-13,República da Irlanda,WorldCupQualifiers,2-0,Grupo D,mau,18:48,19:08,20,1,19,0-0,Portugal,Bola Parada Defensiva,Esquema Tático;Bloco Defensivo;Erro Coletivo,Falta de pressing;Falta de equilíbrio,Terço Defensivo Esq.,Alta,11;4,Rafael Leão;Nélson Semedo,11-Rafael Leão;4-Nélson Semedo,T-D,irl_por_p1.mp4,IRL-POR-026,Desorganização após perda de bola,1141.0,1124.0,1148.0,2024-11-15T17:30:00
2024-11-15T17:48:19,IRL-POR,2025-10-13,República da Irlanda,WorldCupQualifiers,2-0,Grupo D,bom,20:05,20:35,30,1,20,0-0,Portugal,Organização Ofensiva,1×1 Ofensivo,Qualidade técnica;Criatividade,Terço Ofensivo Dir.,Média,10;2;3;20,Bernardo Silva;João Cancelo;Rúben Dias;João Félix,10-Bernardo Silva;2-João Cancelo;3-Rúben Dias;20-João Félix,T-D,irl_por_p1.mp4,IRL-POR-030,Finalização de qualidade,1209.0,1202.0,1235.0,2024-11-15T17:30:00
2024-11-15T17:18:15,IRL-POR,2025-10-13,República da Irlanda,WorldCupQualifiers,2-0,Grupo D,mau,21:19,21:39,20,1,21,0-0,Portugal,Transição Defensiva,Saída a Pressionar;Recuperação de Bola,Desorganizado;Falta de pressing,Terço Defensivo Centro,Alta,8;5;4;2,Bruno Fernandes;Nuno Mendes;Nélson Semedo;João Cancelo,8-Bruno Fernandes;5-Nuno Mendes;4-Nélson Semedo;2-João Cancelo,T-D,irl_por_p1.mp4,IRL-POR-012,Erro técnico em zona perigosa,1294.0,1276.0,1299.0,2024-11-15T17:30:00
2024-11-15T17:19:45,IRL-POR,2025-10-13,República da Irlanda,WorldCupQualifiers,2-0,Grupo D,mau,22:43,23:13,30,1,23,0-0,Adversário,Organização Ofensiva,Criação de Ocasião,Erro técnico;Individualismo;Transição lenta,Terço Ofensivo Centro,Baixa,20;10;15,João Félix;Bernardo Silva;João Neves,20-João Félix;10-Bernardo Silva;15-João Neves,T-D,irl_por_p1.mp4,IRL-POR-013,Desorganização após perda de bola,1375.0,1357.0,1393.0,2024-11-15T17:30:00
2024-11-15T17:23:25,IRL-POR,2025-10-13,República da Irlanda,WorldCupQualifiers,2-0,Grupo D,mau,24:12,24:27,15,1,24,0-0,Adversário,Organização Ofensiva,Progressão,Má decisão;Desorganizado,Terço Ofensivo Dir.,Alta,8;17;6,Bruno Fernandes;Pedro Neto;João Palhinha,8-Bruno Fernandes;17-Pedro Neto;6-João Palhinha,T-D,irl_por_p1.mp4,IRL-POR-015,Falta de compactidade,1466.0,1447.0,1467.0,2024-11-15T17:30:00
2024-11-15T17:40:15,IRL-POR,2025-10-13,República da Irlanda,WorldCupQualifiers,2-0,Grupo D,mau,24:49,24:57,8,1,25,0-0,Disputa,Transição Ofensiva,Criação de Ocasião;Progressão,Posicionamento errado,Terço Médio Centro,Alta,17,Pedro Neto,17-Pedro Neto,T-D,irl_por_p1.mp4,IRL-POR-025,Perda de referência na transição defensiva,1496.0,1483.0,1497.0,2024-11-15T17:30:00
2024-11-15T17:30:04,IRL-POR,2025-10-13,República da Irlanda,WorldCupQualifiers,2-0,Grupo D,mau,26:06,26:21,15,1,26,0-0,Portugal,Transição Defensiva,Perda de Bola;Saída a Pressionar;Recuperação de Bola,Falta de equilíbrio;Reação lenta,Terço Médio Centro,Alta,4;15,Nélson Semedo;João Neves,4-Nélson Semedo;15-João Neves,T-D,irl_por_p1.mp4,IRL-POR-019,Má decisão no último terço,1569.0,1562.0,1581.0,2024-11-15T17:30:00
2024-11-15T17:45:02,IRL-POR,2025-10-13,República da Irlanda,WorldCupQualifiers,2-0,Grupo D,bom,26:19,26:34,15,1,26,0-0,Portugal,Transição Defensiva,Perda de Bola,Pressing eficaz;Posicionamento;Boa tomada de decisão,Terço Defensivo Centro,Baixa,4;19,Nélson Semedo;Nélson Semedo,4-Nélson Semedo;19-Nélson Semedo,T-D,irl_por_p1.mp4,IRL-POR-028,Pressing bem coordenado,1588.0,1576.0,1594.0,2024-11-15T17:30:00
2024-11-15T17:08:23,IRL-POR,2025-10-13,República da Irlanda,WorldCupQualifiers,2-0,Grupo D,bom,28:03,28:23,20,1,28,0-0,Portugal,Transição Ofensiva,Progressão,Qualidade técnica,Terço Ofensivo Dir.,Média,9;17;20,Gonçalo Ramos;Pedro Neto;João Félix,9-Gonçalo Ramos;17-Pedro Neto;20-João Félix,T-D,irl_por_p1.mp4,IRL-POR-006,Boa leitura do espaço,1697.0,1678.0,1703.0,2024-11-15T17:30:00
2024-11-15T17:16:37,IRL-POR,2025-10-13,República da Irlanda,WorldCupQualifiers,2-0,Grupo D,bom,28:10,28:25,15,1,28,0-0,Portugal,Transição Ofensiva,Progressão;Criação de Ocasião,Coletivo;Criatividade;Alta intensidade,Terço Ofensivo Dir.,Média,17;9;21,Pedro Neto;Gonçalo Ramos;Rúben Neves,17-Pedro Neto;9-Gonçalo Ramos;21-Rúben Neves,T-D,irl_por_p1.mp4,IRL-POR-011,Transição rápida aproveitada,1692.0,1685.0,1705.0,2024-11-15T17:30:00
2024-11-15T17:26:43,IRL-POR,2025-10-13,República da Irlanda,WorldCupQualifiers,2-0,Grupo D,mau,28:13,28:28,15,1,28,0-0,Portugal,Bola Parada Defensiva,Bloco Defensivo;Esquema Tático,Erro técnico;Transição lenta,Terço Defensivo Esq.,Alta,16;8;1,Vitinha;Bruno Fernandes;Diogo Costa,16-Vitinha;8-Bruno Fernandes;1-Diogo Costa,T-D,irl_por_p1.mp4,IRL-POR-017,Perda de referência na transição defensiva,1707.0,1690.0,1708.0,2024-11-15T17:30:00
2024-11-15T17:21:54,IRL-POR,2025-10-13,República da Irlanda,WorldCupQualifiers,2-0,Grupo D,bom,30:09,30:39,30,1,30,0-0,Portugal,Transição Defensiva,Recuperação de Bola;Perda de Bola;Saída a Pressionar,Com liderança,Terço Defensivo Centro,Média,2;5;1,João Cancelo;Nuno Mendes;Diogo Costa,2-João Cancelo;5-Nuno Mendes;1-Diogo Costa,T-D,irl_por_p1.mp4,IRL-POR-014,Finalização de qualidade,1823.0,1804.0,1839.0,2024-11-15T17:30:00
2024-11-15T17:36:32,IRL-POR,2025-10-13,República da Irlanda,WorldCupQualifiers,2-0,Grupo D,mau,30:45,31:00,15,1,31,0-0,Portugal,Organização Ofensiva,Criação de Ocasião,Má decisão;Perda de referência;Reação lenta,Terço Ofensivo Centro,Alta,7;8;10,Cristiano Ronaldo;Bruno Fernandes;Bernardo Silva,7-Cristiano Ronaldo;8-Bruno Fernandes;10-Bernardo Silva,T-D,irl_por_p1.mp4,IRL-POR-023,Falta de compactidade,1855.0,1840.0,1860.0,2024-11-15T17:30:00
2024-11-15T17:43:39,IRL-POR,2025-10-13,República da Irlanda,WorldCupQualifiers,2-0,Grupo D,mau,31:19,31:39,20,1,31,0-0,Disputa,Transição Ofensiva,Transição Rápida;Progressão,Individualismo;Desorganizado,Terço Ofensivo Dir.,Alta,20;10,João Félix;Bernardo Silva,20-João Félix;10-Bernardo Silva,T-D,irl_por_p1.mp4,IRL-POR-027,Erro técnico em zona perigosa,1887.0,1874.0,1899.0,2024-11-15T17:30:00
2024-11-15T17:13:15,IRL-POR,2025-10-13,República da Irlanda,WorldCupQualifiers,2-0,Grupo D,bom,32:04,32:16,12,1,32,0-0,Portugal,Transição Defensiva,Recuperação de Bola;Saída a Pressionar;Perda de Bola,Coletivo;Alta intensidade,Terço Médio Centro,Média,15;21,João Neves;Rúben Neves,15-João Neves;21-Rúben Neves,T-D,irl_por_p1.mp4,IRL-POR-009,Pressing bem coordenado,1937.0,1918.0,1936.0,2024-11-15T17:30:00
2024-11-15T17:31:34,IRL-POR,2025-10-13,República da Irlanda,WorldCupQualifiers,2-0,Grupo D,mau,32:07,32:22,15,1,32,0-0,Portugal,Organização Defensiva,Pressão Alta,Transição lenta,Terço Defensivo Esq.,Média,19;21;10;8,Nélson Semedo;Rúben Neves;Bernardo Silva;Bruno Fernandes,19-Nélson Semedo;21-Rúben Neves;10-Bernardo Silva;8-Bruno Fernandes,T-D,irl_por_p1.mp4,IRL-POR-020,Desorganização após perda de bola,1940.0,1924.0,1942.0,2024-11-15T17:30:00
2024-11-15T17:33:03,IRL-POR,2025-10-13,República da Irlanda,WorldCupQualifiers,2-0,Grupo D,bom,32:14,32:26,12,1,32,0-0,Portugal,Organização Ofensiva,Progressão;Combinação Interior;1×1 Ofensivo,Comunicação;Criatividade,Terço Ofensivo Esq.,Média,17;9;3,Pedro Neto;Gonçalo Ramos;Rúben Dias,17-Pedro Neto;9-Gonçalo Ramos;3-Rúben Dias,T-D,irl_por_p1.mp4,IRL-POR-021,Pressing bem coordenado,1941.0,1928.0,1946.0,2024-11-15T17:30:00
2024-11-15T17:34:59,IRL-POR,2025-10-13,República da Irlanda,WorldCupQualifiers,2-0,Grupo D,mau,32:06,32:21,15,1,32,0-0,Portugal,Organização Ofensiva,1×1 Ofensivo;Criação de Ocasião,Falta de intensidade;Erro técnico,Terço Ofensivo Centro,Média,16;15;17;10,Vitinha;João Neves;Pedro Neto;Bernardo Silva,16-Vitinha;15-João Neves;17-Pedro Neto;10-Bernardo Silva,T-D,irl_por_p1.mp4,IRL-POR-022,Desorganização após perda de bola,1939.0,1920.0,1941.0,2024-11-15T17:30:00
2024-11-15T17:25:12,IRL-POR,2025-10-13,República da Irlanda,WorldCupQualifiers,2-0,Grupo D,mau,32:59,33:11,12,1,33,0-0,Disputa,Transição Ofensiva,Criação de Ocasião;Transição Rápida;Progressão,Má decisão,Terço Ofensivo Dir.,Alta,10;11;9,Bernardo Silva;Rafael Leão;Gonçalo Ramos,10-Bernardo Silva;11-Rafael Leão;9-Gonçalo Ramos,T-D,irl_por_p1.mp4,IRL-POR-016,Falta de compactidade,1994.0,1975.0,1991.0,2024-11-15T17:30:00
2024-11-15T17:46:30,IRL-POR,2025-10-13,República da Irlanda,WorldCupQualifiers,2-0,Grupo D,mau,34:20,34:28,8,1,34,0-0,Portugal,Bola Parada Ofensiva,Criação de Ocasião;Esquema Tático,Desorganizado;Má decisão;Falta de equilíbrio,Área Adversária,Baixa,9;10,Gonçalo Ramos;Bernardo Silva,9-Gonçalo Ramos;10-Bernardo Silva,T-D,irl_por_p1.mp4,IRL-POR-029,Erro técnico em zona perigosa,2075.0,2055.0,2068.0,2024-11-15T17:30:00
2024-11-15T17:01:53,IRL-POR,2025-10-13,República da Irlanda,WorldCupQualifiers,2-0,Grupo D,mau,38:02,38:32,30,1,38,0-0,Adversário,Bola Parada Ofensiva,Criação de Ocasião;Esquema Tático,Reação lenta;Falta de intensidade,Área Adversária,Alta,7;17,Cristiano Ronaldo;Pedro Neto,7-Cristiano Ronaldo;17-Pedro Neto,T-D,irl_por_p1.mp4,IRL-POR-002,Má decisão no último terço,2284.0,2278.0,2312.0,2024-11-15T17:30:00
2024-11-15T17:05:00,IRL-POR,2025-10-13,República da Irlanda,WorldCupQualifiers,2-0,Grupo D,mau,40:49,41:04,15,1,41,0-0,Adversário,Transição Defensiva,Perda de Bola;Recuperação de Bola;Saída a Pressionar,Falta de pressing;Posicionamento errado,Terço Médio Centro,Alta,9;21,Gonçalo Ramos;Rúben Neves,9-Gonçalo Ramos;21-Rúben Neves,T-D,irl_por_p1.mp4,IRL-POR-004,Desorganização após perda de bola,2457.0,2443.0,2464.0,2024-11-15T17:30:00
2024-11-15T17:09:52,IRL-POR,2025-10-13,República da Irlanda,WorldCupQualifiers,2-0,Grupo D,mau,41:03,41:23,20,1,41,0-0,Adversário,Organização Defensiva,Bloco Defensivo,Erro técnico,Terço Defensivo Dir.,Média,5;8,Nuno Mendes;Bruno Fernandes,5-Nuno Mendes;8-Bruno Fernandes,T-D,irl_por_p1.mp4,IRL-POR-007,Falha no pressing coletivo,2477.0,2459.0,2483.0,2024-11-15T17:30:00
2024-11-15T17:03:26,IRL-POR,2025-10-13,República da Irlanda,WorldCupQualifiers,2-0,Grupo D,mau,41:53,42:13,20,1,42,0-0,Adversário,Organização Defensiva,Erro Coletivo,Falta de equilíbrio;Falta de intensidade,Terço Defensivo Esq.,Alta,8,Bruno Fernandes,8-Bruno Fernandes,T-D,irl_por_p1.mp4,IRL-POR-003,Erro técnico em zona perigosa,2525.0,2508.0,2533.0,2024-11-15T17:30:00
2024-11-15T18:11:29,POR-ARM,2025-10-16,Arménia,WorldCupQualifiers,9-1,Grupo E,bom,03:45,03:57,12,1,4,0-0,Portugal,Organização Defensiva,Bloco Defensivo,Criatividade;Pressing eficaz,Terço Defensivo Dir.,Alta,20;1;5;6,João Félix;Diogo Costa;Nuno Mendes;João Palhinha,20-João Félix;1-Diogo Costa;5-Nuno Mendes;6-João Palhinha,T-E,por_arm_p1.mp4,POR-ARM-008,Finalização de qualidade,239.0,220.0,237.0,2024-11-15T17:30:00
2024-11-15T18:07:00,POR-ARM,2025-10-16,Arménia,WorldCupQualifiers,9-1,Grupo E,bom,07:00,07:12,12,1,7,0-0,Portugal,Bola Parada Ofensiva,Esquema Tático;Criação de Ocasião,Coletivo,Área Adversária,Média,17;9,Pedro Neto;Gonçalo Ramos,17-Pedro Neto;9-Gonçalo Ramos,T-E,por_arm_p1.mp4,POR-ARM-005,Circulação fluida no terço ofensivo,426.0,416.0,432.0,2024-11-15T17:30:00
2024-11-15T18:29:40,POR-ARM,2025-10-16,Arménia,WorldCupQualifiers,9-1,Grupo E,bom,09:13,09:33,20,1,9,0-0,Portugal,Transição Defensiva,Recuperação de Bola,Coletivo;Alta intensidade;Pressing eficaz,Terço Médio Centro,Alta,6,João Palhinha,6-João Palhinha,T-E,por_arm_p1.mp4,POR-ARM-019,Boa leitura do espaço,555.0,550.0,573.0,2024-11-15T17:30:00
2024-11-15T18:25:03,POR-ARM,2025-10-16,Arménia,WorldCupQualifiers,9-1,Grupo E,bom,10:57,11:17,20,1,11,0-0,Portugal,Transição Defensiva,Saída a Pressionar;Recuperação de Bola,Determinação;Com liderança;Pressing eficaz,Terço Defensivo Centro,Baixa,4;6;21,Nélson Semedo;João Palhinha;Rúben Neves,4-Nélson Semedo;6-João Palhinha;21-Rúben Neves,T-E,por_arm_p1.mp4,POR-ARM-016,Finalização de qualidade,668.0,654.0,677.0,2024-11-15T17:30:00
2024-11-15T18:10:02,POR-ARM,2025-10-16,Arménia,WorldCupQualifiers,9-1,Grupo E,bom,11:55,12:15,20,1,12,0-0,Portugal,Organização Defensiva,Erro Coletivo;Pressão Alta,Criatividade;Coletivo;Com liderança,Terço Defensivo Dir.,Alta,20;4;1,João Félix;Nélson Semedo;Diogo Costa,20-João Félix;4-Nélson Semedo;1-Diogo Costa,T-E,por_arm_p1.mp4,POR-ARM-007,Transição rápida aproveitada,722.0,711.0,735.0,2024-11-15T17:30:00
2024-11-15T18:08:08,POR-ARM,2025-10-16,Arménia,WorldCupQualifiers,9-1,Grupo E,bom,14:06,14:26,20,1,14,0-0,Adversário,Organização Defensiva,Erro Coletivo,Coletivo,Terço Defensivo Dir.,Baixa,9;21;1,Gonçalo Ramos;Rúben Neves;Diogo Costa,9-Gonçalo Ramos;21-Rúben Neves;1-Diogo Costa,T-E,por_arm_p1.mp4,POR-ARM-006,Excelente combinação entre linhas,860.0,840.0,866.0,2024-11-15T17:30:00
2024-11-15T18:38:11,POR-ARM,2025-10-16,Arménia,WorldCupQualifiers,9-1,Grupo E,bom,15:59,16:19,20,1,16,0-0,Portugal,Transição Defensiva,Saída a Pressionar;Recuperação de Bola,Criatividade,Terço Médio Centro,Média,2;6;21;3,João Cancelo;João Palhinha;Rúben Neves;Rúben Dias,2-João Cancelo;6-João Palhinha;21-Rúben Neves;3-Rúben Dias,T-E,por_arm_p1.mp4,POR-ARM-024,Finalização de qualidade,967.0,955.0,979.0,2024-11-15T17:30:00
2024-11-15T18:31:59,POR-ARM,2025-10-16,Arménia,WorldCupQualifiers,9-1,Grupo E,bom,17:13,17:28,15,1,17,0-0,Adversário,Organização Defensiva,Erro Coletivo,Determinação,Terço Defensivo Centro,Alta,21;4;1,Rúben Neves;Nélson Semedo;Diogo Costa,21-Rúben Neves;4-Nélson Semedo;1-Diogo Costa,T-E,por_arm_p1.mp4,POR-ARM-020,Boa leitura do espaço,1047.0,1029.0,1048.0,2024-11-15T17:30:00
2024-11-15T18:41:43,POR-ARM,2025-10-16,Arménia,WorldCupQualifiers,9-1,Grupo E,bom,16:55,17:03,8,1,17,0-0,Portugal,Transição Defensiva,Recuperação de Bola,Determinação;Comunicação,Terço Médio Centro,Média,2,João Cancelo,2-João Cancelo,T-E,por_arm_p1.mp4,POR-ARM-026,Transição rápida aproveitada,1022.0,1009.0,1023.0,2024-11-15T17:30:00
2024-11-15T18:01:48,POR-ARM,2025-10-16,Arménia,WorldCupQualifiers,9-1,Grupo E,bom,19:40,20:10,30,1,20,0-0,Portugal,Organização Ofensiva,Progressão,Coletivo,Terço Ofensivo Centro,Média,3;2,Rúben Dias;João Cancelo,3-Rúben Dias;2-João Cancelo,T-E,por_arm_p1.mp4,POR-ARM-002,Circulação fluida no terço ofensivo,1193.0,1177.0,1210.0,2024-11-15T17:30:00
2024-11-15T18:36:59,POR-ARM,2025-10-16,Arménia,WorldCupQualifiers,9-1,Grupo E,bom,20:20,20:35,15,1,20,0-0,Portugal,Organização Ofensiva,Criação de Ocasião,Boa tomada de decisão;Alta intensidade,Área Adversária,Média,17;2,Pedro Neto;João Cancelo,17-Pedro Neto;2-João Cancelo,T-E,por_arm_p1.mp4,POR-ARM-023,Boa leitura do espaço,1222.0,1215.0,1235.0,2024-11-15T17:30:00
2024-11-15T18:23:26,POR-ARM,2025-10-16,Arménia,WorldCupQualifiers,9-1,Grupo E,bom,21:46,21:58,12,1,22,0-0,Disputa,Transição Defensiva,Saída a Pressionar;Recuperação de Bola;Perda de Bola,Determinação,Terço Defensivo Centro,Média,5;7;21;6,Nuno Mendes;Cristiano Ronaldo;Rúben Neves;João Palhinha,5-Nuno Mendes;7-Cristiano Ronaldo;21-Rúben Neves;6-João Palhinha,T-E,por_arm_p1.mp4,POR-ARM-015,Pressing bem coordenado,1318.0,1300.0,1318.0,2024-11-15T17:30:00
2024-11-15T18:28:23,POR-ARM,2025-10-16,Arménia,WorldCupQualifiers,9-1,Grupo E,mau,24:57,25:05,8,1,25,0-0,Portugal,Organização Ofensiva,Progressão,Falta de equilíbrio,Área Adversária,Alta,10;1;8;3,Bernardo Silva;Diogo Costa;Bruno Fernandes;Rúben Dias,10-Bernardo Silva;1-Diogo Costa;8-Bruno Fernandes;3-Rúben Dias,T-E,por_arm_p1.mp4,POR-ARM-018,Erro técnico em zona perigosa,1504.0,1491.0,1505.0,2024-11-15T17:30:00
2024-11-15T18:00:08,POR-ARM,2025-10-16,Arménia,WorldCupQualifiers,9-1,Grupo E,bom,25:41,26:01,20,1,26,0-0,Portugal,Organização Defensiva,Pressão Alta,Comunicação;Posicionamento,Terço Defensivo Esq.,Baixa,16;21,Vitinha;Rúben Neves,16-Vitinha;21-Rúben Neves,T-E,por_arm_p1.mp4,POR-ARM-001,Excelente combinação entre linhas,1550.0,1537.0,1561.0,2024-11-15T17:30:00
2024-11-15T18:19:58,POR-ARM,2025-10-16,Arménia,WorldCupQualifiers,9-1,Grupo E,bom,27:57,28:09,12,1,28,0-0,Portugal,Organização Defensiva,Erro Coletivo;Pressão Alta,Com liderança;Posicionamento,Terço Defensivo Centro,Alta,6;5;1,João Palhinha;Nuno Mendes;Diogo Costa,6-João Palhinha;5-Nuno Mendes;1-Diogo Costa,T-E,por_arm_p1.mp4,POR-ARM-013,Circulação fluida no terço ofensivo,1688.0,1674.0,1689.0,2024-11-15T17:30:00
2024-11-15T18:18:39,POR-ARM,2025-10-16,Arménia,WorldCupQualifiers,9-1,Grupo E,bom,29:00,29:25,25,1,29,0-0,Portugal,Organização Defensiva,Bloco Defensivo,Boa tomada de decisão;Coletivo,Terço Defensivo Centro,Baixa,4;19,Nélson Semedo;Nélson Semedo,4-Nélson Semedo;19-Nélson Semedo,T-E,por_arm_p1.mp4,POR-ARM-012,Circulação fluida no terço ofensivo,1755.0,1734.0,1765.0,2024-11-15T17:30:00
2024-11-15T18:26:56,POR-ARM,2025-10-16,Arménia,WorldCupQualifiers,9-1,Grupo E,bom,30:15,30:30,15,1,30,0-0,Adversário,Organização Defensiva,Erro Coletivo;Bloco Defensivo,Comunicação,Terço Defensivo Centro,Baixa,8;5,Bruno Fernandes;Nuno Mendes,8-Bruno Fernandes;5-Nuno Mendes,T-E,por_arm_p1.mp4,POR-ARM-017,Boa leitura do espaço,1815.0,1812.0,1830.0,2024-11-15T17:30:00
2024-11-15T18:33:15,POR-ARM,2025-10-16,Arménia,WorldCupQualifiers,9-1,Grupo E,bom,29:57,30:17,20,1,30,0-0,Adversário,Organização Ofensiva,Combinação Interior;1×1 Ofensivo,Comunicação,Terço Ofensivo Esq.,Baixa,3;16,Rúben Dias;Vitinha,3-Rúben Dias;16-Vitinha,T-E,por_arm_p1.mp4,POR-ARM-021,Pressing bem coordenado,1803.0,1791.0,1817.0,2024-11-15T17:30:00
2024-11-15T18:16:28,POR-ARM,2025-10-16,Arménia,WorldCupQualifiers,9-1,Grupo E,bom,32:19,32:34,15,1,32,0-0,Portugal,Transição Defensiva,Recuperação de Bola,Determinação,Terço Médio Centro,Alta,9;20;5,Gonçalo Ramos;João Félix;Nuno Mendes,9-Gonçalo Ramos;20-João Félix;5-Nuno Mendes,T-E,por_arm_p1.mp4,POR-ARM-011,Boa leitura do espaço,1952.0,1935.0,1954.0,2024-11-15T17:30:00
2024-11-15T18:14:44,POR-ARM,2025-10-16,Arménia,WorldCupQualifiers,9-1,Grupo E,bom,33:53,34:05,12,1,34,0-0,Adversário,Transição Defensiva,Saída a Pressionar;Recuperação de Bola,Boa tomada de decisão,Terço Médio Centro,Média,6,João Palhinha,6-João Palhinha,T-E,por_arm_p1.mp4,POR-ARM-010,Transição rápida aproveitada,2048.0,2028.0,2045.0,2024-11-15T17:30:00
2024-11-15T18:13:10,POR-ARM,2025-10-16,Arménia,WorldCupQualifiers,9-1,Grupo E,bom,35:13,35:25,12,1,35,0-0,Portugal,Organização Ofensiva,1×1 Ofensivo,Coletivo,Terço Ofensivo Esq.,Baixa,10;1;3,Bernardo Silva;Diogo Costa;Rúben Dias,10-Bernardo Silva;1-Diogo Costa;3-Rúben Dias,T-E,por_arm_p1.mp4,POR-ARM-009,Pressing bem coordenado,2126.0,2107.0,2125.0,2024-11-15T17:30:00
2024-11-15T18:40:16,POR-ARM,2025-10-16,Arménia,WorldCupQualifiers,9-1,Grupo E,bom,34:56,35:16,20,1,35,0-0,Adversário,Transição Defensiva,Saída a Pressionar;Perda de Bola,Posicionamento,Terço Defensivo Centro,Alta,5;21;2,Nuno Mendes;Rúben Neves;João Cancelo,5-Nuno Mendes;21-Rúben Neves;2-João Cancelo,T-E,por_arm_p1.mp4,POR-ARM-025,Pressing bem coordenado,2104.0,2093.0,2116.0,2024-11-15T17:30:00
2024-11-15T18:03:35,POR-ARM,2025-10-16,Arménia,WorldCupQualifiers,9-1,Grupo E,bom,39:45,40:05,20,1,40,0-0,Disputa,Organização Defensiva,Erro Coletivo;Bloco Defensivo;Pressão Alta,Timing perfeito,Terço Defensivo Esq.,Média,7;14,Cristiano Ronaldo;Francisco Conceição,7-Cristiano Ronaldo;14-Francisco Conceição,T-E,por_arm_p1.mp4,POR-ARM-003,Boa leitura do espaço,2389.0,2382.0,2405.0,2024-11-15T17:30:00
2024-11-15T18:05:09,POR-ARM,2025-10-16,Arménia,WorldCupQualifiers,9-1,Grupo E,bom,40:18,40:38,20,1,40,0-0,Portugal,Transição Ofensiva,Criação de Ocasião,Posicionamento,Terço Ofensivo Centro,Média,17;9,Pedro Neto;Gonçalo Ramos,17-Pedro Neto;9-Gonçalo Ramos,T-E,por_arm_p1.mp4,POR-ARM-004,Transição rápida aproveitada,2432.0,2413.0,2438.0,2024-11-15T17:30:00
2024-11-15T18:21:25,POR-ARM,2025-10-16,Arménia,WorldCupQualifiers,9-1,Grupo E,bom,39:56,40:11,15,1,40,0-0,Portugal,Organização Defensiva,Bloco Defensivo;Erro Coletivo;Pressão Alta,Posicionamento;Comunicação;Coletivo,Terço Defensivo Esq.,Alta,1;6,Diogo Costa;João Palhinha,1-Diogo Costa;6-João Palhinha,T-E,por_arm_p1.mp4,POR-ARM-014,Pressing bem coordenado,2402.0,2392.0,2411.0,2024-11-15T17:30:00
2024-11-15T18:35:00,POR-ARM,2025-10-16,Arménia,WorldCupQualifiers,9-1,Grupo E,bom,40:40,41:10,30,1,41,0-0,Portugal,Organização Ofensiva,1×1 Ofensivo;Progressão;Criação de Ocasião,Com liderança;Eficaz,Terço Ofensivo Centro,Média,3;20,Rúben Dias;João Félix,3-Rúben Dias;20-João Félix,T-E,por_arm_p1.mp4,POR-ARM-022,Excelente combinação entre linhas,2448.0,2436.0,2470.0,2024-11-15T17:30:00
2024-11-15T16:23:06,POR-HUN,2025-10-14,Hungria,WorldCupQualifiers,2-2,Grupo C,bom,08:03,08:18,15,1,8,0-0,Adversário,Transição Ofensiva,Transição Rápida;Criação de Ocasião,Alta intensidade,Terço Médio Centro,Média,9,Gonçalo Ramos,9-Gonçalo Ramos,T-C,por_hun_p1.mp4,POR-HUN-015,Circulação fluida no terço ofensivo,487.0,477.0,498.0,2024-11-15T17:30:00
2024-11-15T16:24:45,POR-HUN,2025-10-14,Hungria,WorldCupQualifiers,2-2,Grupo C,bom,09:03,09:15,12,1,9,0-0,Portugal,Bola Parada Ofensiva,Esquema Tático,Comunicação;Criatividade,Terço Ofensivo Centro,Baixa,20,João Félix,20-João Félix,T-C,por_hun_p1.mp4,POR-HUN-016,Pressing bem coordenado,544.0,538.0,555.0,2024-11-15T17:30:00
2024-11-15T16:05:02,POR-HUN,2025-10-14,Hungria,WorldCupQualifiers,2-2,Grupo C,bom,10:59,11:29,30,1,11,0-0,Portugal,Organização Ofensiva,1×1 Ofensivo;Criação de Ocasião;Combinação Interior,Eficaz;Com liderança,Terço Ofensivo Centro,Baixa,20,João Félix,20-João Félix,T-C,por_hun_p1.mp4,POR-HUN-004,Pressing bem coordenado,671.0,653.0,689.0,2024-11-15T17:30:00
2024-11-15T16:01:29,POR-HUN,2025-10-14,Hungria,WorldCupQualifiers,2-2,Grupo C,bom,12:56,13:11,15,1,13,0-0,Adversário,Organização Ofensiva,Criação de Ocasião;1×1 Ofensivo,Com liderança,Terço Ofensivo Dir.,Baixa,9;17;10,Gonçalo Ramos;Pedro Neto;Bernardo Silva,9-Gonçalo Ramos;17-Pedro Neto;10-Bernardo Silva,T-C,por_hun_p1.mp4,POR-HUN-002,Transição rápida aproveitada,780.0,773.0,791.0,2024-11-15T17:30:00
2024-11-15T16:13:36,POR-HUN,2025-10-14,Hungria,WorldCupQualifiers,2-2,Grupo C,bom,14:08,14:28,20,1,14,0-0,Adversário,Organização Ofensiva,Combinação Interior;1×1 Ofensivo;Progressão,Com liderança,Terço Ofensivo Centro,Média,20;15,João Félix;João Neves,20-João Félix;15-João Neves,T-C,por_hun_p1.mp4,POR-HUN-009,Finalização de qualidade,857.0,843.0,868.0,2024-11-15T17:30:00
2024-11-15T16:06:47,POR-HUN,2025-10-14,Hungria,WorldCupQualifiers,2-2,Grupo C,bom,15:45,15:57,12,1,16,0-0,Portugal,Organização Ofensiva,Combinação Interior,Qualidade técnica,Terço Ofensivo Dir.,Alta,20;2,João Félix;João Cancelo,20-João Félix;2-João Cancelo,T-C,por_hun_p1.mp4,POR-HUN-005,Boa leitura do espaço,948.0,940.0,957.0,2024-11-15T17:30:00
2024-11-15T16:38:13,POR-HUN,2025-10-14,Hungria,WorldCupQualifiers,2-2,Grupo C,mau,15:56,16:16,20,1,16,0-0,Disputa,Organização Ofensiva,1×1 Ofensivo,Erro técnico,Terço Ofensivo Esq.,Baixa,3;10,Rúben Dias;Bernardo Silva,3-Rúben Dias;10-Bernardo Silva,T-C,por_hun_p1.mp4,POR-HUN-024,Falha no pressing coletivo,961.0,950.0,976.0,2024-11-15T17:30:00
2024-11-15T16:33:33,POR-HUN,2025-10-14,Hungria,WorldCupQualifiers,2-2,Grupo C,bom,19:11,19:26,15,1,19,0-0,Portugal,Transição Defensiva,Perda de Bola,Posicionamento,Terço Defensivo Centro,Baixa,4;6,Nélson Semedo;João Palhinha,4-Nélson Semedo;6-João Palhinha,T-C,por_hun_p1.mp4,POR-HUN-021,Pressing bem coordenado,1160.0,1146.0,1166.0,2024-11-15T17:30:00
2024-11-15T16:00:00,POR-HUN,2025-10-14,Hungria,WorldCupQualifiers,2-2,Grupo C,mau,20:20,20:35,15,1,20,0-0,Portugal,Transição Ofensiva,Criação de Ocasião;Progressão,Individualismo;Falta de pressing,Terço Médio Centro,Média,7,Cristiano Ronaldo,7-Cristiano Ronaldo,T-C,por_hun_p1.mp4,POR-HUN-001,Desorganização após perda de bola,1226.0,1214.0,1235.0,2024-11-15T17:30:00
2024-11-15T16:19:46,POR-HUN,2025-10-14,Hungria,WorldCupQualifiers,2-2,Grupo C,bom,19:49,19:57,8,1,20,0-0,Portugal,Organização Ofensiva,Criação de Ocasião;Combinação Interior,Posicionamento,Terço Ofensivo Dir.,Alta,7;3;8;6,Cristiano Ronaldo;Rúben Dias;Bruno Fernandes;João Palhinha,7-Cristiano Ronaldo;3-Rúben Dias;8-Bruno Fernandes;6-João Palhinha,T-C,por_hun_p1.mp4,POR-HUN-013,Boa leitura do espaço,1193.0,1185.0,1197.0,2024-11-15T17:30:00
2024-11-15T16:40:03,POR-HUN,2025-10-14,Hungria,WorldCupQualifiers,2-2,Grupo C,mau,22:20,22:32,12,1,22,0-0,Portugal,Transição Defensiva,Recuperação de Bola,Má decisão;Falta de comunicação,Terço Defensivo Centro,Alta,5;20;3,Nuno Mendes;João Félix;Rúben Dias,5-Nuno Mendes;20-João Félix;3-Rúben Dias,T-C,por_hun_p1.mp4,POR-HUN-025,Perda de referência na transição defensiva,1351.0,1334.0,1352.0,2024-11-15T17:30:00
2024-11-15T16:16:53,POR-HUN,2025-10-14,Hungria,WorldCupQualifiers,2-2,Grupo C,mau,24:08,24:38,30,1,24,0-0,Portugal,Transição Ofensiva,Criação de Ocasião,Individualismo;Transição lenta;Posicionamento errado,Terço Ofensivo Centro,Média,19,Nélson Semedo,19-Nélson Semedo,T-C,por_hun_p1.mp4,POR-HUN-011,Desorganização após perda de bola,1458.0,1445.0,1478.0,2024-11-15T17:30:00
2024-11-15T16:18:25,POR-HUN,2025-10-14,Hungria,WorldCupQualifiers,2-2,Grupo C,bom,23:59,24:29,30,1,24,0-0,Portugal,Organização Defensiva,Bloco Defensivo;Pressão Alta,Comunicação;Criatividade,Terço Defensivo Centro,Baixa,5;11,Nuno Mendes;Rafael Leão,5-Nuno Mendes;11-Rafael Leão,T-C,por_hun_p1.mp4,POR-HUN-012,Finalização de qualidade,1441.0,1433.0,1469.0,2024-11-15T17:30:00
2024-11-15T16:08:13,POR-HUN,2025-10-14,Hungria,WorldCupQualifiers,2-2,Grupo C,mau,27:53,28:08,15,1,28,0-0,Adversário,Organização Defensiva,Pressão Alta;Erro Coletivo,Falta de comunicação,Terço Defensivo Dir.,Média,1;10,Diogo Costa;Bernardo Silva,1-Diogo Costa;10-Bernardo Silva,T-C,por_hun_p1.mp4,POR-HUN-006,Falta de compactidade,1677.0,1667.0,1688.0,2024-11-15T17:30:00
2024-11-15T16:28:26,POR-HUN,2025-10-14,Hungria,WorldCupQualifiers,2-2,Grupo C,bom,29:02,29:14,12,1,29,0-0,Portugal,Bola Parada Ofensiva,Criação de Ocasião;Esquema Tático,Qualidade técnica;Determinação;Comunicação,Área Adversária,Média,10;19,Bernardo Silva;Nélson Semedo,10-Bernardo Silva;19-Nélson Semedo,T-C,por_hun_p1.mp4,POR-HUN-018,Boa leitura do espaço,1757.0,1739.0,1754.0,2024-11-15T17:30:00
2024-11-15T16:36:22,POR-HUN,2025-10-14,Hungria,WorldCupQualifiers,2-2,Grupo C,bom,31:04,31:34,30,1,31,0-0,Adversário,Organização Defensiva,Pressão Alta;Erro Coletivo,Com liderança;Posicionamento,Terço Defensivo Centro,Alta,21;5,Rúben Neves;Nuno Mendes,21-Rúben Neves;5-Nuno Mendes,T-C,por_hun_p1.mp4,POR-HUN-023,Transição rápida aproveitada,1876.0,1859.0,1894.0,2024-11-15T17:30:00
2024-11-15T16:10:16,POR-HUN,2025-10-14,Hungria,WorldCupQualifiers,2-2,Grupo C,bom,33:00,33:15,15,1,33,0-0,Portugal,Organização Ofensiva,Combinação Interior;Criação de Ocasião,Criatividade;Alta intensidade,Terço Ofensivo Dir.,Baixa,17;2,Pedro Neto;João Cancelo,17-Pedro Neto;2-João Cancelo,T-C,por_hun_p1.mp4,POR-HUN-007,Circulação fluida no terço ofensivo,1994.0,1975.0,1995.0,2024-11-15T17:30:00
2024-11-15T16:31:39,POR-HUN,2025-10-14,Hungria,WorldCupQualifiers,2-2,Grupo C,mau,32:42,32:57,15,1,33,0-0,Portugal,Transição Defensiva,Saída a Pressionar;Perda de Bola;Recuperação de Bola,Falta de equilíbrio,Terço Médio Centro,Alta,17;4,Pedro Neto;Nélson Semedo,17-Pedro Neto;4-Nélson Semedo,T-C,por_hun_p1.mp4,POR-HUN-020,Má decisão no último terço,1963.0,1957.0,1977.0,2024-11-15T17:30:00
2024-11-15T16:35:02,POR-HUN,2025-10-14,Hungria,WorldCupQualifiers,2-2,Grupo C,bom,34:08,34:16,8,1,34,0-0,Adversário,Transição Ofensiva,Progressão,Eficaz;Com liderança;Coletivo,Terço Ofensivo Centro,Média,9;20,Gonçalo Ramos;João Félix,9-Gonçalo Ramos;20-João Félix,T-C,por_hun_p1.mp4,POR-HUN-022,Finalização de qualidade,2053.0,2045.0,2056.0,2024-11-15T17:30:00
2024-11-15T16:14:45,POR-HUN,2025-10-14,Hungria,WorldCupQualifiers,2-2,Grupo C,mau,34:58,35:06,8,1,35,0-0,Adversário,Transição Ofensiva,Criação de Ocasião;Transição Rápida,Perda de referência;Falta de equilíbrio,Terço Médio Centro,Alta,20,João Félix,20-João Félix,T-C,por_hun_p1.mp4,POR-HUN-010,Perda de referência na transição defensiva,2113.0,2094.0,2106.0,2024-11-15T17:30:00
2024-11-15T16:21:48,POR-HUN,2025-10-14,Hungria,WorldCupQualifiers,2-2,Grupo C,bom,35:08,35:28,20,1,35,0-0,Portugal,Transição Defensiva,Perda de Bola,Boa tomada de decisão;Criatividade;Posicionamento,Terço Médio Centro,Baixa,9;4,Gonçalo Ramos;Nélson Semedo,9-Gonçalo Ramos;4-Nélson Semedo,T-C,por_hun_p1.mp4,POR-HUN-014,Boa leitura do espaço,2117.0,2102.0,2128.0,2024-11-15T17:30:00
2024-11-15T16:03:38,POR-HUN,2025-10-14,Hungria,WorldCupQualifiers,2-2,Grupo C,mau,35:43,36:13,30,1,36,0-0,Portugal,Organização Defensiva,Erro Coletivo,Falta de equilíbrio,Terço Defensivo Centro,Alta,16;20;21,Vitinha;João Félix;Rúben Neves,16-Vitinha;20-João Félix;21-Rúben Neves,T-C,por_hun_p1.mp4,POR-HUN-003,Desorganização após perda de bola,2154.0,2138.0,2173.0,2024-11-15T17:30:00
2024-11-15T16:11:30,POR-HUN,2025-10-14,Hungria,WorldCupQualifiers,2-2,Grupo C,bom,37:01,37:13,12,1,37,0-0,Portugal,Bola Parada Ofensiva,Esquema Tático;Criação de Ocasião,Comunicação,Área Adversária,Baixa,7;14,Cristiano Ronaldo;Francisco Conceição,7-Cristiano Ronaldo;14-Francisco Conceição,T-C,por_hun_p1.mp4,POR-HUN-008,Pressing bem coordenado,2224.0,2217.0,2233.0,2024-11-15T17:30:00
2024-11-15T16:26:58,POR-HUN,2025-10-14,Hungria,WorldCupQualifiers,2-2,Grupo C,mau,37:15,37:45,30,1,37,0-0,Portugal,Organização Defensiva,Pressão Alta,Falta de pressing,Terço Defensivo Esq.,Alta,1;5;4;21,Diogo Costa;Nuno Mendes;Nélson Semedo;Rúben Neves,1-Diogo Costa;5-Nuno Mendes;4-Nélson Semedo;21-Rúben Neves,T-C,por_hun_p1.mp4,POR-HUN-017,Falha no pressing coletivo,2249.0,2232.0,2265.0,2024-11-15T17:30:00
2024-11-15T16:30:17,POR-HUN,2025-10-14,Hungria,WorldCupQualifiers,2-2,Grupo C,mau,39:20,39:32,12,1,39,0-0,Adversário,Bola Parada Defensiva,Bloco Defensivo,Posicionamento errado,Terço Defensivo Esq.,Média,20;3,João Félix;Rúben Dias,20-João Félix;3-Rúben Dias,T-C,por_hun_p1.mp4,POR-HUN-019,Falta de compactidade,2374.0,2354.0,2372.0,2024-11-15T17:30:00
2024-11-15T15:08:11,POR-IRL,2029-10-11,República da Irlanda,WorldCupQualifiers,1-0,Grupo B,bom,05:45,05:57,12,1,6,0-0,Adversário,Organização Defensiva,Pressão Alta,Posicionamento;Pressing eficaz,Terço Defensivo Centro,Média,6;21;4;5,João Palhinha;Rúben Neves;Nélson Semedo;Nuno Mendes,6-João Palhinha;21-Rúben Neves;4-Nélson Semedo;5-Nuno Mendes,T-B,por_irl_p1.mp4,POR-IRL-006,Pressing bem coordenado,354.0,340.0,357.0,2024-11-15T17:30:00
2024-11-15T15:20:04,POR-IRL,2029-10-11,República da Irlanda,WorldCupQualifiers,1-0,Grupo B,mau,07:10,07:30,20,1,7,0-0,Portugal,Bola Parada Ofensiva,Esquema Tático;Criação de Ocasião,Erro técnico;Reação lenta;Perda de referência,Área Adversária,Alta,16,Vitinha,16-Vitinha,T-B,por_irl_p1.mp4,POR-IRL-013,Desorganização após perda de bola,444.0,427.0,450.0,2024-11-15T17:30:00
2024-11-15T15:25:09,POR-IRL,2029-10-11,República da Irlanda,WorldCupQualifiers,1-0,Grupo B,bom,07:56,08:16,20,1,8,0-0,Disputa,Bola Parada Ofensiva,Esquema Tático;Criação de Ocasião,Criatividade;Posicionamento,Área Adversária,Média,7;9,Cristiano Ronaldo;Gonçalo Ramos,7-Cristiano Ronaldo;9-Gonçalo Ramos,T-B,por_irl_p1.mp4,POR-IRL-016,Boa leitura do espaço,484.0,470.0,496.0,2024-11-15T17:30:00
2024-11-15T15:09:49,POR-IRL,2029-10-11,República da Irlanda,WorldCupQualifiers,1-0,Grupo B,mau,08:49,09:19,30,1,9,0-0,Portugal,Organização Defensiva,Pressão Alta,Perda de referência;Falta de intensidade,Terço Defensivo Dir.,Alta,6;21,João Palhinha;Rúben Neves,6-João Palhinha;21-Rúben Neves,T-B,por_irl_p1.mp4,POR-IRL-007,Falha no pressing coletivo,538.0,523.0,559.0,2024-11-15T17:30:00
2024-11-15T15:18:18,POR-IRL,2029-10-11,República da Irlanda,WorldCupQualifiers,1-0,Grupo B,bom,08:57,09:22,25,1,9,0-0,Adversário,Organização Defensiva,Erro Coletivo;Pressão Alta,Pressing eficaz;Qualidade técnica;Determinação,Terço Defensivo Dir.,Média,3;5;8,Rúben Dias;Nuno Mendes;Bruno Fernandes,3-Rúben Dias;5-Nuno Mendes;8-Bruno Fernandes,T-B,por_irl_p1.mp4,POR-IRL-012,Circulação fluida no terço ofensivo,549.0,531.0,562.0,2024-11-15T17:30:00
2024-11-15T15:34:52,POR-IRL,2029-10-11,República da Irlanda,WorldCupQualifiers,1-0,Grupo B,bom,09:43,09:58,15,1,10,0-0,Disputa,Transição Ofensiva,Criação de Ocasião;Transição Rápida;Progressão,Posicionamento;Eficaz,Terço Médio Centro,Alta,21;20,Rúben Neves;João Félix,21-Rúben Neves;20-João Félix,T-B,por_irl_p1.mp4,POR-IRL-022,Transição rápida aproveitada,590.0,579.0,598.0,2024-11-15T17:30:00
2024-11-15T15:03:34,POR-IRL,2029-10-11,República da Irlanda,WorldCupQualifiers,1-0,Grupo B,mau,14:00,14:12,12,1,14,0-0,Disputa,Organização Defensiva,Bloco Defensivo;Erro Coletivo,Falta de intensidade;Perda de referência,Terço Defensivo Centro,Baixa,4;6,Nélson Semedo;João Palhinha,4-Nélson Semedo;6-João Palhinha,T-B,por_irl_p1.mp4,POR-IRL-003,Perda de referência na transição defensiva,849.0,837.0,852.0,2024-11-15T17:30:00
2024-11-15T15:30:09,POR-IRL,2029-10-11,República da Irlanda,WorldCupQualifiers,1-0,Grupo B,mau,16:01,16:26,25,1,16,0-0,Disputa,Organização Ofensiva,Progressão,Transição lenta;Falta de equilíbrio;Individualismo,Terço Ofensivo Centro,Baixa,10;17;11,Bernardo Silva;Pedro Neto;Rafael Leão,10-Bernardo Silva;17-Pedro Neto;11-Rafael Leão,T-B,por_irl_p1.mp4,POR-IRL-019,Perda de referência na transição defensiva,972.0,958.0,986.0,2024-11-15T17:30:00
2024-11-15T15:04:48,POR-IRL,2029-10-11,República da Irlanda,WorldCupQualifiers,1-0,Grupo B,mau,18:43,18:58,15,1,19,0-0,Adversário,Organização Ofensiva,Criação de Ocasião;1×1 Ofensivo,Falta de comunicação;Transição lenta,Terço Ofensivo Dir.,Alta,3;10;2,Rúben Dias;Bernardo Silva;João Cancelo,3-Rúben Dias;10-Bernardo Silva;2-João Cancelo,T-B,por_irl_p1.mp4,POR-IRL-004,Falta de compactidade,1124.0,1118.0,1138.0,2024-11-15T17:30:00
2024-11-15T15:00:01,POR-IRL,2029-10-11,República da Irlanda,WorldCupQualifiers,1-0,Grupo B,mau,20:19,20:39,20,1,20,0-0,Portugal,Organização Defensiva,Bloco Defensivo;Pressão Alta;Erro Coletivo,Falta de intensidade,Terço Defensivo Centro,Alta,6;3;8,João Palhinha;Rúben Dias;Bruno Fernandes,6-João Palhinha;3-Rúben Dias;8-Bruno Fernandes,T-B,por_irl_p1.mp4,POR-IRL-001,Perda de referência na transição defensiva,1227.0,1216.0,1239.0,2024-11-15T17:30:00
2024-11-15T15:11:56,POR-IRL,2029-10-11,República da Irlanda,WorldCupQualifiers,1-0,Grupo B,mau,19:45,19:57,12,1,20,0-0,Adversário,Organização Defensiva,Erro Coletivo,Perda de referência;Desorganizado,Terço Defensivo Centro,Média,21;8;1,Rúben Neves;Bruno Fernandes;Diogo Costa,21-Rúben Neves;8-Bruno Fernandes;1-Diogo Costa,T-B,por_irl_p1.mp4,POR-IRL-008,Falta de compactidade,1200.0,1179.0,1197.0,2024-11-15T17:30:00
2024-11-15T15:16:29,POR-IRL,2029-10-11,República da Irlanda,WorldCupQualifiers,1-0,Grupo B,mau,20:09,20:39,30,1,20,0-0,Portugal,Organização Defensiva,Erro Coletivo;Pressão Alta,Falta de comunicação;Transição lenta,Terço Defensivo Esq.,Alta,1;4;17,Diogo Costa;Nélson Semedo;Pedro Neto,1-Diogo Costa;4-Nélson Semedo;17-Pedro Neto,T-B,por_irl_p1.mp4,POR-IRL-011,Perda de referência na transição defensiva,1213.0,1203.0,1239.0,2024-11-15T17:30:00
2024-11-15T15:21:45,POR-IRL,2029-10-11,República da Irlanda,WorldCupQualifiers,1-0,Grupo B,bom,19:56,20:11,15,1,20,0-0,Adversário,Organização Defensiva,Erro Coletivo;Pressão Alta;Bloco Defensivo,Pressing eficaz;Qualidade técnica,Terço Defensivo Dir.,Alta,16,Vitinha,16-Vitinha,T-B,por_irl_p1.mp4,POR-IRL-014,Excelente combinação entre linhas,1203.0,1191.0,1211.0,2024-11-15T17:30:00
2024-11-15T15:26:38,POR-IRL,2029-10-11,República da Irlanda,WorldCupQualifiers,1-0,Grupo B,mau,19:58,20:28,30,1,20,0-0,Portugal,Organização Ofensiva,1×1 Ofensivo;Progressão,Falta de equilíbrio,Área Adversária,Média,10;20,Bernardo Silva;João Félix,10-Bernardo Silva;20-João Félix,T-B,por_irl_p1.mp4,POR-IRL-017,Desorganização após perda de bola,1213.0,1193.0,1228.0,2024-11-15T17:30:00
2024-11-15T15:01:25,POR-IRL,2029-10-11,República da Irlanda,WorldCupQualifiers,1-0,Grupo B,bom,24:08,24:28,20,1,24,0-0,Portugal,Organização Ofensiva,Progressão,Posicionamento,Terço Ofensivo Centro,Média,16;15;17,Vitinha;João Neves;Pedro Neto,16-Vitinha;15-João Neves;17-Pedro Neto,T-B,por_irl_p1.mp4,POR-IRL-002,Circulação fluida no terço ofensivo,1459.0,1442.0,1468.0,2024-11-15T17:30:00
2024-11-15T15:28:40,POR-IRL,2029-10-11,República da Irlanda,WorldCupQualifiers,1-0,Grupo B,mau,25:20,25:28,8,1,25,0-0,Adversário,Organização Ofensiva,1×1 Ofensivo,Posicionamento errado,Terço Ofensivo Dir.,Média,8;11;3,Bruno Fernandes;Rafael Leão;Rúben Dias,8-Bruno Fernandes;11-Rafael Leão;3-Rúben Dias,T-B,por_irl_p1.mp4,POR-IRL-018,Desorganização após perda de bola,1529.0,1515.0,1528.0,2024-11-15T17:30:00
2024-11-15T15:13:21,POR-IRL,2029-10-11,República da Irlanda,WorldCupQualifiers,1-0,Grupo B,mau,25:46,26:11,25,1,26,0-0,Portugal,Organização Ofensiva,1×1 Ofensivo;Combinação Interior,Falta de pressing,Área Adversária,Alta,10;21,Bernardo Silva;Rúben Neves,10-Bernardo Silva;21-Rúben Neves,T-B,por_irl_p1.mp4,POR-IRL-009,Má decisão no último terço,1549.0,1540.0,1571.0,2024-11-15T17:30:00
2024-11-15T15:06:25,POR-IRL,2029-10-11,República da Irlanda,WorldCupQualifiers,1-0,Grupo B,mau,27:16,27:46,30,1,27,0-0,Disputa,Organização Defensiva,Pressão Alta,Perda de referência;Má decisão,Terço Defensivo Esq.,Média,1;5;4,Diogo Costa;Nuno Mendes;Nélson Semedo,1-Diogo Costa;5-Nuno Mendes;4-Nélson Semedo,T-B,por_irl_p1.mp4,POR-IRL-005,Falha no pressing coletivo,1650.0,1630.0,1666.0,2024-11-15T17:30:00
2024-11-15T15:36:29,POR-IRL,2029-10-11,República da Irlanda,WorldCupQualifiers,1-0,Grupo B,mau,27:57,28:22,25,1,28,0-0,Disputa,Organização Ofensiva,Progressão;Criação de Ocasião,Desorganizado;Erro técnico,Terço Ofensivo Centro,Alta,7;20;2,Cristiano Ronaldo;João Félix;João Cancelo,7-Cristiano Ronaldo;20-João Félix;2-João Cancelo,T-B,por_irl_p1.mp4,POR-IRL-023,Falta de compactidade,1687.0,1674.0,1702.0,2024-11-15T17:30:00
2024-11-15T15:38:28,POR-IRL,2029-10-11,República da Irlanda,WorldCupQualifiers,1-0,Grupo B,bom,29:12,29:27,15,1,29,0-0,Portugal,Organização Ofensiva,Criação de Ocasião;Combinação Interior;Progressão,Eficaz;Determinação,Área Adversária,Baixa,4;10,Nélson Semedo;Bernardo Silva,4-Nélson Semedo;10-Bernardo Silva,T-B,por_irl_p1.mp4,POR-IRL-024,Boa leitura do espaço,1765.0,1749.0,1767.0,2024-11-15T17:30:00
2024-11-15T15:33:34,POR-IRL,2029-10-11,República da Irlanda,WorldCupQualifiers,1-0,Grupo B,bom,32:04,32:19,15,1,32,0-0,Portugal,Bola Parada Defensiva,Bloco Defensivo;Erro Coletivo,Pressing eficaz;Posicionamento,Terço Defensivo Esq.,Média,8;4,Bruno Fernandes;Nélson Semedo,8-Bruno Fernandes;4-Nélson Semedo,T-B,por_irl_p1.mp4,POR-IRL-021,Transição rápida aproveitada,1925.0,1919.0,1939.0,2024-11-15T17:30:00
2024-11-15T15:31:50,POR-IRL,2029-10-11,República da Irlanda,WorldCupQualifiers,1-0,Grupo B,mau,32:46,33:06,20,1,33,0-0,Portugal,Organização Ofensiva,Combinação Interior;1×1 Ofensivo;Criação de Ocasião,Falta de equilíbrio;Falta de comunicação,Terço Ofensivo Esq.,Baixa,11;9;10,Rafael Leão;Gonçalo Ramos;Bernardo Silva,11-Rafael Leão;9-Gonçalo Ramos;10-Bernardo Silva,T-B,por_irl_p1.mp4,POR-IRL-020,Má decisão no último terço,1979.0,1963.0,1986.0,2024-11-15T17:30:00
2024-11-15T15:23:03,POR-IRL,2029-10-11,República da Irlanda,WorldCupQualifiers,1-0,Grupo B,mau,38:42,38:57,15,1,39,0-0,Portugal,Transição Defensiva,Recuperação de Bola,Individualismo,Terço Defensivo Centro,Média,5;2,Nuno Mendes;João Cancelo,5-Nuno Mendes;2-João Cancelo,T-B,por_irl_p1.mp4,POR-IRL-015,Falta de compactidade,2327.0,2318.0,2337.0,2024-11-15T17:30:00
2024-11-15T15:15:11,POR-IRL,2029-10-11,República da Irlanda,WorldCupQualifiers,1-0,Grupo B,mau,41:03,41:23,20,1,41,0-0,Adversário,Transição Defensiva,Recuperação de Bola;Perda de Bola,Falta de intensidade;Falta de comunicação,Terço Médio Centro,Baixa,21,Rúben Neves,21-Rúben Neves,T-B,por_irl_p1.mp4,POR-IRL-010,Falha no pressing coletivo,2466.0,2460.0,2483.0,2024-11-15T17:30:00
